currencyTypeName,chaosEquivalent,detailsId,id,icon,name,tradeId,receive.id,receive.league_id,receive.pay_currency_id,receive.get_currency_id,receive.sample_time_utc,receive.count,receive.value,receive.data_point_count,receive.includes_secondary,receive.listing_count,paySparkLine.data,paySparkLine.totalChange,receiveSparkLine.data,receiveSparkLine.totalChange,lowConfidencePaySparkLine.data,lowConfidencePaySparkLine.totalChange,lowConfidenceReceiveSparkLine.data,lowConfidenceReceiveSparkLine.totalChange,pay.id,pay.league_id,pay.pay_currency_id,pay.get_currency_id,pay.sample_time_utc,pay.count,pay.value,pay.data_point_count,pay.includes_secondary,pay.listing_count
Abrasive Catalyst,1.0,abrasive-catalyst,123,https://web.poecdn.com/gen/image/WzI1LDE0LHsiZiI6IjJESXRlbXMvQ3VycmVuY3kvQ2F0YWx5c3RzL0FicmFzaXZlQ2F0YWx5c3QiLCJ3IjoxLCJoIjoxLCJzY2FsZSI6MX1d/c4e7f7f379/AbrasiveCatalyst.png,Abrasive Catalyst,abrasive-catalyst,0,208,1,123,2024-03-21T11:44:46.4037723Z,308,1.0,1,True,2215,[],0.0,"[0, 0, 0, 0, 0, 0, 0]",0.0,"[0, 0, 0, None, None, None, None]",0.0,"[0, 0, 0, 0, 0, 0, 0]",0.0,,,,,,,,,,
Accelerating Catalyst,2.0,accelerating-catalyst,147,https://web.poecdn.com/gen/image/WzI1LDE0LHsiZiI6IjJESXRlbXMvQ3VycmVuY3kvQ2F0YWx5c3RzL1NwZWVkTW9kaWZpZXJDYXRhbHlzdCIsInciOjEsImgiOjEsInNjYWxlIjoxfV0/592075333a/SpeedModifierCatalyst.png,Accelerating Catalyst,accelerating-catalyst,0,208,1,147,2024-03-21T11:44:46.4037723Z,201,2.0,1,True,1196,[],0.0,"[0, 0, 0, 0, 0, 0, 0]",0.0,"[0, 0, 10.26, 10.26, 10.26, 10.26, 10.26]",10.26,"[0, 0, 0, 0, 0, 0, 0]",0.0,0.0,208.0,147.0,1.0,2024-03-21T11:44:46.4037723Z,1.0,0.28571,1.0,False,18.0
Ancient Orb,7.0,ancient-orb,174,https://web.poecdn.com/gen/image/WzI1LDE0LHsiZiI6IjJESXRlbXMvTWFwcy9IdW50ZXJGcmFnbWVudCIsInciOjEsImgiOjEsInNjYWxlIjoxfV0/4a1c79a0f7/HunterFragment.png,Al-Hezmin's Crest,al-hezmins-crest,0,208,1,78,2024-03-21T11:44:46.4037723Z,400,7.0,1,True,2593,"[0, 5.56, 5.56, None, None, None, None]",5.56,"[0, 0, 16.67, 16.67, 16.67, 16.67, 16.67]",16.67,"[0, 5.56, 5.56, -17.39, -17.39, -17.39, -17.39]",-17.39,"[0, 0, 16.67, 16.67, 16.67, 16.67, 16.67]",16.67,0.0,208.0,78.0,1.0,2024-03-21T11:44:46.4037723Z,4.0,0.255553,1.0,False,32.0
Annulment Shard,1.0,annulment-shard,222,https://web.poecdn.com/gen/image/WzI1LDE0LHsiZiI6IjJESXRlbXMvQ3VycmVuY3kvTWVtb3J5TGluZS9BbHZhTWVtb3J5SXRlbSIsInciOjEsImgiOjEsInNjYWxlIjoxfV0/5adc01981d/AlvaMemoryItem.png,Alva's Memory,,0,208,1,79,2024-03-21T11:44:46.4037723Z,11,1.0,1,False,258,[],0.0,"[0, 0, 80, 1190, 0, 0, 0]",0.0,[],0.0,"[0, 0, 80, 1190, 0, 0, 0]",0.0,,,,,,,,,,
Armourer's Scrap,0.05,armourers-scrap,205,https://web.poecdn.com/gen/image/WzI1LDE0LHsiZiI6IjJESXRlbXMvQ3VycmVuY3kvU2VudGluZWwvQW1wbGlmeWluZ1Bvd2VyQ29yZSIsInciOjEsImgiOjEsInNjYWxlIjoxfV0/8be6bc2621/AmplifyingPowerCore.png,Amplifying Power Core,,0,208,1,26,2024-03-21T11:44:46.4037723Z,206,0.04545,1,True,825,[],0.0,"[0, -2.96, -2.96, -2.96, 1.79, 5.22, 5.85]",5.85,"[0, 0, 0, -3.15, -3.15, -17.17, -17.17]",-17.17,"[0, -2.96, -2.96, -2.96, 1.79, 5.22, 5.85]",5.85,0.0,208.0,26.0,1.0,2024-03-21T11:44:46.4037723Z,2.0,98.999997,1.0,False,31.0
Awakened Sextant,1.91,awakened-sextant,78,https://web.poecdn.com/gen/image/WzI1LDE0LHsiZiI6IjJESXRlbXMvQ3VycmVuY3kvQW5jaWVudE9yYiIsInciOjEsImgiOjEsInNjYWxlIjoxfV0/08feb97abf/AncientOrb.png,Ancient Orb,ancient-orb,0,208,1,48,2024-03-21T11:44:46.4037723Z,400,1.90845,1,True,12317,"[0, 0.67, 0, 0, 0, -4.25, 0]",0.0,"[0, -0.06, 0, -0.21, -1.29, -3.83, -4.55]",-4.55,"[0, 0.67, 0, 0, 0, -4.25, 0]",0.0,"[0, -0.06, 0, -0.21, -1.29, -3.83, -4.55]",-4.55,0.0,208.0,48.0,1.0,2024-03-21T11:44:46.4037723Z,15.0,0.5,1.0,False,169.0
Awakener's Orb,120.0,awakeners-orb,71,https://web.poecdn.com/gen/image/WzI1LDE0LHsiZiI6IjJESXRlbXMvTWFwcy9WYXVsdE1hcCIsInciOjEsImgiOjEsInNjYWxlIjoxfV0/035e4327dd/VaultMap.png,Ancient Reliquary Key,ancient-reliquary-key,0,208,1,116,2024-03-21T11:44:46.4037723Z,92,120.0,1,True,1107,"[0, 0, 0, 0, 0, 0, 0]",0.0,"[0, -0.06, -0.32, -1.45, -1.29, 18.0, 20]",20.0,"[0, 0, 0, 0, 0, 0, 0]",0.0,"[0, -0.06, -0.32, -1.45, -1.29, 18.0, 20]",20.0,0.0,208.0,116.0,1.0,2024-03-21T11:44:46.4037723Z,7.0,0.01111,1.0,False,27.0
Blacksmith's Whetstone,0.11,blacksmiths-whetstone,79,https://web.poecdn.com/gen/image/WzI1LDE0LHsiZiI6IjJESXRlbXMvQ3VycmVuY3kvQW5udWxsU2hhcmQiLCJ3IjoxLCJoIjoxLCJzY2FsZSI6MX1d/f7a8a838a6/AnnullShard.png,Annulment Shard,,0,208,1,25,2024-03-21T11:44:46.4037723Z,177,0.11111,1,True,658,"[0, 0, 0, 4.08, 2.0, -8.6, -8.6]",-8.6,"[0, 0.55, -9.53, -9.89, -6.33, -6.37, -9.89]",-9.89,"[0, 0, 0, 4.08, 2.0, -8.6, -8.6]",-8.6,"[0, 0.55, -9.53, -9.89, -6.33, -6.37, -9.89]",-9.89,0.0,208.0,25.0,1.0,2024-03-21T11:44:46.4037723Z,5.0,18.599998,1.0,False,72.0
Blessed Orb,0.33,blessed-orb,49,https://web.poecdn.com/gen/image/WzI1LDE0LHsiZiI6IjJESXRlbXMvQ3VycmVuY3kvU2VhbFdoaXRlIiwidyI6MSwiaCI6MSwic2NhbGUiOjF9XQ/b17568d971/SealWhite.png,Apprentice Cartographer's Seal,,0,208,1,18,2024-03-21T11:44:46.4037723Z,349,0.333,1,True,1207,"[None, 0, -2.55, None, None, 11.67, 11.67]",11.67,"[0, 0, 0, 0, 0, -0.1, -0.1]",-0.1,"[0, -8.06, -10.4, -6.24, 2.67, 2.67, 2.67]",2.67,"[0, 0, 0, 0, 0, -0.1, -0.1]",-0.1,0.0,208.0,18.0,1.0,2024-03-21T11:44:46.4037723Z,5.0,3.0,1.0,False,39.0
Blessing of Chayula,900.0,blessing-of-chayula,217,https://web.poecdn.com/gen/image/WzI1LDE0LHsiZiI6IjJESXRlbXMvTWFwcy9TZWFyaW5nRXhhcmNoRm9pbCIsInciOjEsImgiOjEsInNjYWxlIjoxfV0/bb895c1f5d/SearingExarchFoil.png,Archive Reliquary Key,archive-reliquary-key,0,208,1,65,2024-03-21T11:44:46.4037723Z,55,900.0,1,True,661,"[0, 3.64, -21.92, 4.59, 4.59, 4.59, 4.15]",4.15,"[0, 0, 0, 0, 0, 0, 0]",0.0,"[0, 3.64, -21.92, 4.59, 4.59, 4.59, 4.15]",4.15,"[0, 0, 0, 0, 0, 0, 0]",0.0,0.0,208.0,65.0,1.0,2024-03-21T11:44:46.4037723Z,9.0,0.00109458702,1.0,True,17.0
Blessing of Esh,600.0,blessing-of-esh,207,https://web.poecdn.com/gen/image/WzI1LDE0LHsiZiI6IjJESXRlbXMvQ3VycmVuY3kvU2VudGluZWwvQXJtb3VyUmVjb21iaW5hdG9yIiwidyI6MSwiaCI6MSwic2NhbGUiOjF9XQ/650e8bb097/ArmourRecombinator.png,Armour Recombinator,,0,208,1,63,2024-03-21T11:44:46.4037723Z,18,600.0,1,True,396,[],0.0,"[0, 10.19, 12.5, 12.5, 6.25, 0, 0]",0.0,"[0, 0, 0, -73.5, -73.5, -73.5, -73.5]",-73.5,"[0, 10.19, 12.5, 12.5, 6.25, 0, 0]",0.0,0.0,208.0,63.0,1.0,2024-03-21T11:44:46.4037723Z,1.0,0.02857,1.0,False,11.0
Blessing of Tul,750.0,blessing-of-tul,26,https://web.poecdn.com/gen/image/WzI1LDE0LHsiZiI6IjJESXRlbXMvQ3VycmVuY3kvQ3VycmVuY3lBcm1vdXJRdWFsaXR5IiwidyI6MSwiaCI6MSwic2NhbGUiOjF9XQ/0b964e9b9e/CurrencyArmourQuality.png,Armourer's Scrap,scrap,0,208,1,62,2024-03-21T11:44:46.4037723Z,19,750.0,1,True,346,[],0.0,"[0, 6.75, 13.25, 22.85, 23.32, 24.25, 25]",25.0,"[0, 0, 0, -73.5, -73.5, -73.5, -73.5]",-73.5,"[0, 6.75, 13.25, 22.85, 23.32, 24.25, 25]",25.0,0.0,208.0,62.0,1.0,2024-03-21T11:44:46.4037723Z,1.0,0.02857,1.0,False,11.0
Blessing of Uul-Netol,600.0,blessing-of-uul-netol,206,https://web.poecdn.com/gen/image/WzI1LDE0LHsiZiI6IjJESXRlbXMvQ3VycmVuY3kvU2VudGluZWwvQXVnbWVudGluZ1Bvd2VyQ29yZSIsInciOjEsImgiOjEsInNjYWxlIjoxfV0/c955171968/AugmentingPowerCore.png,Augmenting Power Core,,0,208,1,64,2024-03-21T11:44:46.4037723Z,22,600.0,1,True,411,[],0.0,"[0, 0, 0, 0, 0, 0, 0]",0.0,"[0, 0, 0, -62.89, -62.89, -62.89, -62.88]",-62.88,"[0, 0, 0, 0, 0, 0, 0]",0.0,0.0,208.0,64.0,1.0,2024-03-21T11:44:46.4037723Z,2.0,0.006439,1.0,False,8.0
Blessing of Xoph,600.0,blessing-of-xoph,48,https://web.poecdn.com/gen/image/WzI1LDE0LHsiZiI6IjJESXRlbXMvQ3VycmVuY3kvQXRsYXNSYWRpdXNUaWVyMyIsInciOjEsImgiOjEsInNjYWxlIjoxfV0/07377648d7/AtlasRadiusTier3.png,Awakened Sextant,awakened-sextant,0,208,1,61,2024-03-21T11:44:46.4037723Z,18,600.0,1,True,356,[],0.0,"[0, -1.94, -4.39, -8.51, -8.51, -8.51, -8.51]",-8.51,"[0, 0, 0, -83.65, -83.65, -83.65, -83.65]",-83.65,"[0, -1.94, -4.39, -8.51, -8.51, -8.51, -8.51]",-8.51,0.0,208.0,61.0,1.0,2024-03-21T11:44:46.4037723Z,1.0,0.02857,1.0,False,10.0
Blighted Scouting Report,10.0,blighted-scouting-report,116,https://web.poecdn.com/gen/image/WzI1LDE0LHsiZiI6IjJESXRlbXMvQ3VycmVuY3kvVHJhbnNmZXJPcmIiLCJ3IjoxLCJoIjoxLCJzY2FsZSI6MX1d/6db384ea6e/TransferOrb.png,Awakener's Orb,,0,208,1,200,2024-03-21T11:44:46.4037723Z,11,10.0,1,False,182,[],0.0,"[0, 64.29, 71.43, 78.57, 78.57, 239.29, 257.14]",257.14,"[0, 0, 0, None, None, None, None]",0.0,"[0, 64.29, 71.43, 78.57, 78.57, 239.29, 257.14]",257.14,,,,,,,,,,
Cartographer's Chisel,0.82,cartographers-chisel,175,https://web.poecdn.com/gen/image/WzI1LDE0LHsiZiI6IjJESXRlbXMvTWFwcy9DcnVzYWRlckZyYWdtZW50IiwidyI6MSwiaCI6MSwic2NhbGUiOjF9XQ/83e0f167f2/CrusaderFragment.png,Baran's Crest,barans-crest,0,208,1,10,2024-03-21T11:44:46.4037723Z,400,0.824997,1,True,3824,"[0, -4.99, 5.48, 6.84, 18.18, 14.5, 14.5]",14.5,"[0, 2.14, -0.23, 1.62, -5.17, -5.17, -6.2]",-6.2,"[0, -4.99, 5.48, 6.84, 18.18, 14.5, 14.5]",14.5,"[0, 2.14, -0.23, 1.62, -5.17, -5.17, -6.2]",-6.2,0.0,208.0,10.0,1.0,2024-03-21T11:44:46.4037723Z,10.0,1.446282,1.0,False,143.0
Charged Compass,6.0,charged-compass,25,https://web.poecdn.com/gen/image/WzI1LDE0LHsiZiI6IjJESXRlbXMvQ3VycmVuY3kvQ3VycmVuY3lXZWFwb25RdWFsaXR5IiwidyI6MSwiaCI6MSwic2NhbGUiOjF9XQ/c874e03eb7/CurrencyWeaponQuality.png,Blacksmith's Whetstone,whetstone,0,208,1,179,2024-03-21T11:44:46.4037723Z,400,6.0,1,False,278704,[],0.0,"[0, -28.57, -14.29, -14.29, -14.29, -28.57, -14.29]",-14.29,[],0.0,"[0, -28.57, -14.29, -14.29, -14.29, -28.57, -14.29]",-14.29,,,,,,,,,,
Chromatic Orb,0.16,chromatic-orb,18,https://web.poecdn.com/gen/image/WzI1LDE0LHsiZiI6IjJESXRlbXMvQ3VycmVuY3kvQ3VycmVuY3lJbXBsaWNpdE1vZCIsInciOjEsImgiOjEsInNjYWxlIjoxfV0/c3cbf3e5ab/CurrencyImplicitMod.png,Blessed Orb,blessed,0,208,1,17,2024-03-21T11:44:46.4037723Z,400,0.164186,1,True,5222,"[0, 0, 0, 0, 1.64, 4.17, 12.18]",12.18,"[0, -2.63, -2.63, -2.63, -8.81, -3.6, -3.98]",-3.98,"[0, 0, 0, 0, 1.64, 4.17, 12.18]",12.18,"[0, -2.63, -2.63, -2.63, -8.81, -3.6, -3.98]",-3.98,0.0,208.0,17.0,1.0,2024-03-21T11:44:46.4037723Z,14.0,6.24,1.0,False,173.0
Comprehensive Scouting Report,100.0,comprehensive-scouting-report,65,https://web.poecdn.com/gen/image/WzI1LDE0LHsiZiI6IjJESXRlbXMvQ3VycmVuY3kvQnJlYWNoL0JyZWFjaFVwZ3JhZGVyQ2hhb3MiLCJ3IjoxLCJoIjoxLCJzY2FsZSI6MX1d/5542f2ce9a/BreachUpgraderChaos.png,Blessing of Chayula,blessing-chayula,0,208,1,196,2024-03-21T11:44:46.4037723Z,56,100.0,1,True,569,[],0.0,"[0, 16.96, 16.96, 10.94, 11.11, 5.26, 16.96]",16.96,"[0, -6.3, 12.42, 45.05, 45.05, 45.05, 45.08]",45.08,"[0, 16.96, 16.96, 10.94, 11.11, 5.26, 16.96]",16.96,0.0,208.0,196.0,1.0,2024-03-21T11:44:46.4037723Z,2.0,0.012917,1.0,False,8.0
Crusader's Exalted Orb,56.0,crusaders-exalted-orb,63,https://web.poecdn.com/gen/image/WzI1LDE0LHsiZiI6IjJESXRlbXMvQ3VycmVuY3kvQnJlYWNoL0JyZWFjaFVwZ3JhZGVyTGlnaHRuaW5nIiwidyI6MSwiaCI6MSwic2NhbGUiOjF9XQ/d12318c95b/BreachUpgraderLightning.png,Blessing of Esh,blessing-esh,0,208,1,117,2024-03-21T11:44:46.4037723Z,76,55.99975,1,True,641,[],0.0,"[0, -9.09, -1.45, -6.57, -19.19, -19.19, -43.43]",-43.43,"[0, 0, 0, -38.43, -24.42, -7.76, -5.51]",-5.51,"[0, -9.09, -1.45, -6.57, -19.19, -19.19, -43.43]",-43.43,0.0,208.0,117.0,1.0,2024-03-21T11:44:46.4037723Z,2.0,0.0205,1.0,False,13.0
Divine Orb,149.95,divine-orb,62,https://web.poecdn.com/gen/image/WzI1LDE0LHsiZiI6IjJESXRlbXMvQ3VycmVuY3kvQnJlYWNoL0JyZWFjaFVwZ3JhZGVyQ29sZCIsInciOjEsImgiOjEsInNjYWxlIjoxfV0/3f8a9bbe57/BreachUpgraderCold.png,Blessing of Tul,blessing-tul,0,208,1,3,2024-03-21T11:44:46.4037723Z,171,150.0,1,False,1957,"[0, 3.3, 3.3, 3.3, 3.3, 3.3, 3.3]",3.3,"[0, 0, 0, 0, 0, 0, 0]",0.0,"[0, 3.3, 3.3, 3.3, 3.3, 3.3, 3.3]",3.3,"[0, 0, 0, 0, 0, 0, 0]",0.0,0.0,208.0,3.0,1.0,2024-03-21T11:44:46.4037723Z,400.0,0.00667,1.0,False,8116.0
Eldritch Chaos Orb,16.99,eldritch-chaos-orb,64,https://web.poecdn.com/gen/image/WzI1LDE0LHsiZiI6IjJESXRlbXMvQ3VycmVuY3kvQnJlYWNoL0JyZWFjaFVwZ3JhZGVyUGh5c2ljYWwiLCJ3IjoxLCJoIjoxLCJzY2FsZSI6MX1d/7eab2a8de8/BreachUpgraderPhysical.png,Blessing of Uul-Netol,blessing-uul-netol,0,208,1,190,2024-03-21T11:44:46.4037723Z,400,17.0,1,True,4616,"[0, -0.06, -0.14, 3.64, 6.11, 6.11, 11.36]",11.36,"[0, 0, 0, 0, 1.8, 2.0, 2.0]",2.0,"[0, -0.06, -0.14, 3.64, 6.11, 6.11, 11.36]",11.36,"[0, 0, 0, 0, 1.8, 2.0, 2.0]",2.0,0.0,208.0,190.0,1.0,2024-03-21T11:44:46.4037723Z,13.0,0.059556,1.0,False,49.0
Eldritch Exalted Orb,5.77,eldritch-exalted-orb,61,https://web.poecdn.com/gen/image/WzI1LDE0LHsiZiI6IjJESXRlbXMvQ3VycmVuY3kvQnJlYWNoL0JyZWFjaFVwZ3JhZGVyRmlyZSIsInciOjEsImgiOjEsInNjYWxlIjoxfV0/f9d0f29f08/BreachUpgraderFire.png,Blessing of Xoph,blessing-xoph,0,208,1,191,2024-03-21T11:44:46.4037723Z,400,5.769,1,True,3616,"[0, 0, 0, 5.71, 2.78, -1.9, -0.38]",-0.38,"[0, 0, 0, 0, 0, 0, 0]",0.0,"[0, 0, 0, 5.71, 2.78, -1.9, -0.38]",-0.38,"[0, 0, 0, 0, 0, 0, 0]",0.0,0.0,208.0,191.0,1.0,2024-03-21T11:44:46.4037723Z,6.0,0.154765,1.0,False,38.0
Eldritch Orb of Annulment,11.54,eldritch-orb-of-annulment,200,https://web.poecdn.com/gen/image/WzI1LDE0LHsiZiI6IjJESXRlbXMvQ3VycmVuY3kvU2NvdXRpbmdSZXBvcnQiLCJ3IjoxLCJoIjoxLCJzY2FsZSI6MX1d/584635f3c8/ScoutingReport.png,Blighted Scouting Report,,0,208,1,192,2024-03-21T11:44:46.4037723Z,400,11.538,1,True,3672,"[0, 0, -0.67, 0.67, -0.67, -7.76, -7.76]",-7.76,"[0, 0, 0, -3.85, -3.85, -3.85, -3.85]",-3.85,"[0, 0, -0.67, 0.67, -0.67, -7.76, -7.76]",-7.76,"[0, 0, 0, -3.85, -3.85, -3.85, -3.85]",-3.85,0.0,208.0,192.0,1.0,2024-03-21T11:44:46.4037723Z,10.0,0.07692,1.0,False,46.0
Elevated Sextant,195.98,elevated-sextant,10,https://web.poecdn.com/gen/image/WzI1LDE0LHsiZiI6IjJESXRlbXMvQ3VycmVuY3kvQ3VycmVuY3lNYXBRdWFsaXR5IiwidyI6MSwiaCI6MSwic2NhbGUiOjF9XQ/c83c35bed5/CurrencyMapQuality.png,Cartographer's Chisel,chisel,0,208,1,140,2024-03-21T11:44:46.4037723Z,354,195.0,1,True,2379,"[0, 3.29, -5.99, -18.25, -18.82, -31.82, -22.41]",-22.41,"[0, 0, -0.03, -6.67, -6.67, -11.11, -13.33]",-13.33,"[0, 3.29, -5.99, -18.25, -18.82, -31.82, -22.41]",-22.41,"[0, 0, -0.03, -6.67, -6.67, -11.11, -13.33]",-13.33,0.0,208.0,140.0,1.0,2024-03-21T11:44:46.4037723Z,12.0,0.0044466889,1.0,True,41.0
Engineer's Orb,0.17,engineers-orb,1,https://web.poecdn.com/gen/image/WzI1LDE0LHsiZiI6IjJESXRlbXMvQ3VycmVuY3kvQ3VycmVuY3lSZXJvbGxSYXJlIiwidyI6MSwiaCI6MSwic2NhbGUiOjF9XQ/d119a0d734/CurrencyRerollRare.png,Chaos Orb,chaos,0,208,1,77,2024-03-21T11:44:46.4037723Z,93,0.16667,1,True,301,[],0.0,"[0, 0, -2.0, 0, 0, 0, 0]",0.0,"[0, 0, 0, 0, 0, 0, 0]",0.0,"[0, 0, -2.0, 0, 0, 0, 0]",0.0,0.0,208.0,77.0,1.0,2024-03-21T11:44:46.4037723Z,1.0,18.0,1.0,False,1.0
Enkindling Orb,0.88,enkindling-orb,179,https://web.poecdn.com/gen/image/WzI1LDE0LHsiZiI6IjJESXRlbXMvQ3VycmVuY3kvQ2hhcmdlZENvbXBhc3MiLCJ3IjoxLCJoIjoxLCJzY2FsZSI6MX1d/ea8fcc3e35/ChargedCompass.png,Charged Compass,,0,208,1,172,2024-03-21T11:44:46.4037723Z,400,0.882,1,True,2340,"[0, 0, 0, None, None, None, None]",0.0,"[0, 0, 0, 0, 0, 0, 0]",0.0,"[0, 0, 0, -17.37, -15.88, 13.83, -15.88]",-15.88,"[0, 0, 0, 0, 0, 0, 0]",0.0,0.0,208.0,172.0,1.0,2024-03-21T11:44:46.4037723Z,3.0,2.075,1.0,False,36.0
Exalted Orb,10.83,exalted-orb,70,https://web.poecdn.com/gen/image/WzI1LDE0LHsiZiI6IjJESXRlbXMvQ3VycmVuY3kvQnJlYWNoL0JyZWFjaEZyYWdtZW50c0NoYW9zIiwidyI6MSwiaCI6MSwic2NhbGUiOjF9XQ/04b5c032f4/BreachFragmentsChaos.png,Chayula's Breachstone,chayulas-breachstone,0,208,1,2,2024-03-21T11:44:46.4037723Z,400,10.7145,1,True,4099,"[0, -2.56, 2.11, 2.11, 2.11, 2.2, 2.11]",2.11,"[0, 1.71, 1.93, -0.62, -1.18, -1.18, -5.35]",-5.35,"[0, -2.56, 2.11, 2.11, 2.11, 2.2, 2.11]",2.11,"[0, 1.71, 1.93, -0.62, -1.18, -1.18, -5.35]",-5.35,0.0,208.0,2.0,1.0,2024-03-21T11:44:46.4037723Z,40.0,0.08333,1.0,False,363.0
Exceptional Eldritch Ember,90.4,exceptional-eldritch-ember,87,https://web.poecdn.com/gen/image/WzI1LDE0LHsiZiI6IjJESXRlbXMvQ3VycmVuY3kvQnJlYWNoL0NoYXl1bGFzQ2hhcmdlZEJyZWFjaHN0b25lIiwidyI6MSwiaCI6MSwic2NhbGUiOjF9XQ/df8ac77370/ChayulasChargedBreachstone.png,Chayula's Charged Breachstone,,0,208,1,183,2024-03-21T11:44:46.4037723Z,95,90.4,1,True,967,"[0, 0, 0, 0, 0, -14.59, -38.83]",-38.83,"[0, 11.11, 11.11, 11.11, 11.11, 2.78, 0.44]",0.44,"[0, 0, 0, 0, 0, -14.59, -38.83]",-38.83,"[0, 11.11, 11.11, 11.11, 11.11, 2.78, 0.44]",0.44,0.0,208.0,183.0,1.0,2024-03-21T11:44:46.4037723Z,6.0,0.00909,1.0,False,28.0
Exceptional Eldritch Ichor,150.0,exceptional-eldritch-ichor,92,https://web.poecdn.com/gen/image/WzI1LDE0LHsiZiI6IjJESXRlbXMvQ3VycmVuY3kvQnJlYWNoL0NoYXl1bGFzRW5yaWNoZWRCcmVhY2hzdG9uZSIsInciOjEsImgiOjEsInNjYWxlIjoxfV0/84053be861/ChayulasEnrichedBreachstone.png,Chayula's Enriched Breachstone,,0,208,1,187,2024-03-21T11:44:46.4037723Z,158,150.0,1,True,1240,"[0, -0.13, -6.34, -6.34, -6.34, -5.07, -4.06]",-4.06,"[0, 0, 0, 0, 0, 0, 0]",0.0,"[0, -0.13, -6.34, -6.34, -6.34, -5.07, -4.06]",-4.06,"[0, 0, 0, 0, 0, 0, 0]",0.0,0.0,208.0,187.0,1.0,2024-03-21T11:44:46.4037723Z,8.0,0.008005,1.0,False,30.0
Explorer's Scouting Report,1.0,explorers-scouting-report,153,https://web.poecdn.com/gen/image/WzI1LDE0LHsiZiI6IjJESXRlbXMvQ3VycmVuY3kvQnJlYWNoL0NoYXl1bGFzRmxhd2xlc3NCcmVhY2hzdG9uZSIsInciOjEsImgiOjEsInNjYWxlIjoxfV0/0d6f8da0ec/ChayulasFlawlessBreachstone.png,Chayula's Flawless Breachstone,chayulas-flawless-breachstone,0,208,1,202,2024-03-21T11:44:46.4037723Z,330,1.0,1,False,35562,[],0.0,"[0, 0, 0, 0, 0, 0, 0]",0.0,[],0.0,"[0, 0, 0, 0, 0, 0, 0]",0.0,,,,,,,,,,
Fertile Catalyst,28.9,fertile-catalyst,97,https://web.poecdn.com/gen/image/WzI1LDE0LHsiZiI6IjJESXRlbXMvQ3VycmVuY3kvQnJlYWNoL0NoYXl1bGFzUHVyZUJyZWFjaHN0b25lIiwidyI6MSwiaCI6MSwic2NhbGUiOjF9XQ/990514c659/ChayulasPureBreachstone.png,Chayula's Pure Breachstone,,0,208,1,125,2024-03-21T11:44:46.4037723Z,400,28.9,1,True,5291,"[0, 0, 1.61, 1.61, 1.61, 1.61, None]",1.61,"[0, 0, -6.06, -9.09, -9.09, -9.09, -12.42]",-12.42,"[0, 0, 1.61, 1.61, 1.61, 1.61, -9.06]",-9.06,"[0, 0, -6.06, -9.09, -9.09, -9.09, -12.42]",-12.42,0.0,208.0,125.0,1.0,2024-03-21T11:44:46.4037723Z,4.0,0.03333,1.0,False,57.0
Fracturing Orb,4199.87,fracturing-orb,17,https://web.poecdn.com/gen/image/WzI1LDE0LHsiZiI6IjJESXRlbXMvQ3VycmVuY3kvQ3VycmVuY3lSZXJvbGxTb2NrZXRDb2xvdXJzIiwidyI6MSwiaCI6MSwic2NhbGUiOjF9XQ/136314c10a/CurrencyRerollSocketColours.png,Chromatic Orb,chrome,0,208,1,230,2024-03-21T11:44:46.4037723Z,151,4200.0,1,True,703,"[0, 4.17, 0, 0, 4.17, 4.17, 4.96]",4.96,"[0, 0.82, 0.69, 0, 0, -3.45, -3.45]",-3.45,"[0, 4.17, 0, 0, 4.17, 4.17, 4.96]",4.96,"[0, 0.82, 0.69, 0, 0, -3.45, -3.45]",-3.45,0.0,208.0,230.0,1.0,2024-03-21T11:44:46.4037723Z,13.0,0.0002381857,1.0,True,45.0
Fracturing Shard,162.0,fracturing-shard,196,https://web.poecdn.com/gen/image/WzI1LDE0LHsiZiI6IjJESXRlbXMvQ3VycmVuY3kvU2NvdXRpbmdSZXBvcnQiLCJ3IjoxLCJoIjoxLCJzY2FsZSI6MX1d/584635f3c8/ScoutingReport.png,Comprehensive Scouting Report,,0,208,1,231,2024-03-21T11:44:46.4037723Z,395,162.0,1,True,3260,"[0, 0, -0.85, -6.39, 10.36, 6.16, 0.21]",0.21,"[0, 0, 0, -0.61, -8.33, -11.11, -10]",-10.0,"[0, 0, -0.85, -6.39, 10.36, 6.16, 0.21]",0.21,"[0, 0, 0, -0.61, -8.33, -11.11, -10]",-10.0,0.0,208.0,231.0,1.0,2024-03-21T11:44:46.4037723Z,9.0,0.005848,1.0,False,50.0
Gemcutter's Prism,3.6,gemcutters-prism,219,https://web.poecdn.com/gen/image/WzI1LDE0LHsiZiI6IjJESXRlbXMvTWFwcy9TaGFwZXJGb2lsIiwidyI6MSwiaCI6MSwic2NhbGUiOjF9XQ/71325272ad/ShaperFoil.png,Cosmic Reliquary Key,cosmic-reliquary-key,0,208,1,15,2024-03-21T11:44:46.4037723Z,400,3.6576,1,True,4650,"[0, 1.36, -0.02, -11.24, -11.24, -12.16, -12.51]",-12.51,"[0, 0, -0.26, -2.44, -2.44, -2.44, -2.46]",-2.46,"[0, 1.36, -0.02, -11.24, -11.24, -12.16, -12.51]",-12.51,"[0, 0, -0.26, -2.44, -2.44, -2.44, -2.46]",-2.46,0.0,208.0,15.0,1.0,2024-03-21T11:44:46.4037723Z,22.0,0.386158,1.0,False,386.0
Glassblower's Bauble,1.25,glassblowers-bauble,142,https://web.poecdn.com/gen/image/WzI1LDE0LHsiZiI6IjJESXRlbXMvQ3VycmVuY3kvQXRsYXMvTWF2ZW5LZXlGcmFnbWVudCIsInciOjEsImgiOjEsInNjYWxlIjoxfV0/1782453393/MavenKeyFragment.png,Crescent Splinter,,0,208,1,19,2024-03-21T11:44:46.4037723Z,400,1.2495,1,True,2492,"[0, 0.25, 4.79, None, None, None, None]",4.79,"[0, 0, 0, 0, 0, 0, 0]",0.0,"[0, 0.25, 4.79, 54.16, 54.16, 54.16, 25.12]",25.12,"[0, 0, 0, 0, 0, 0, 0]",0.0,0.0,208.0,19.0,1.0,2024-03-21T11:44:46.4037723Z,3.0,1.22036,1.0,True,34.0
Grand Eldritch Ember,16.67,grand-eldritch-ember,117,https://web.poecdn.com/gen/image/WzI1LDE0LHsiZiI6IjJESXRlbXMvQ3VycmVuY3kvSW5mbHVlbmNlIEV4YWx0cy9DcnVzYWRlck9yYiIsInciOjEsImgiOjEsInNjYWxlIjoxfV0/0449a66634/CrusaderOrb.png,Crusader's Exalted Orb,,0,208,1,182,2024-03-21T11:44:46.4037723Z,400,16.6665,1,True,4686,"[0, 0, -4.64, None, None, None, None]",-4.64,"[0, 0, -5.26, -5.26, -12.28, -12.28, -12.28]",-12.28,"[0, 0, -4.64, -17.37, -19.44, -23.31, -14.78]",-14.78,"[0, 0, -5.26, -5.26, -12.28, -12.28, -12.28]",-12.28,0.0,208.0,182.0,1.0,2024-03-21T11:44:46.4037723Z,4.0,0.07143,1.0,False,52.0
Grand Eldritch Ichor,2.5,grand-eldritch-ichor,225,,Deadly End,,0,208,1,186,2024-03-21T11:44:46.4037723Z,400,2.5005,1,True,4351,"[0, 11.45, 2.78, None, None, None, None]",2.78,"[0, 0, 0, 0, 0, 0, 0]",0.0,"[0, 11.45, 2.78, -11.06, -1.07, 2.02, 2.02]",2.02,"[0, 0, 0, 0, 0, 0, 0]",0.0,0.0,208.0,186.0,1.0,2024-03-21T11:44:46.4037723Z,3.0,0.533334,1.0,False,35.0
Greater Eldritch Ember,3.41,greater-eldritch-ember,220,https://web.poecdn.com/gen/image/WzI1LDE0LHsiZiI6IjJESXRlbXMvTWFwcy9FbGRlckZvaWwiLCJ3IjoxLCJoIjoxLCJzY2FsZSI6MX1d/2c6d5b7eb2/ElderFoil.png,Decaying Reliquary Key,decaying-reliquary-key,0,208,1,181,2024-03-21T11:44:46.4037723Z,400,3.4095,1,True,3255,"[0, 0, -1.56, -3.85, None, None, 0]",0.0,"[0, -2.51, -2.93, -5.03, -5.29, -5.3, -5.03]",-5.03,"[0, 0, -1.56, -3.85, -2.91, -2.91, 0]",0.0,"[0, -2.51, -2.93, -5.03, -5.29, -5.3, -5.03]",-5.03,0.0,208.0,181.0,1.0,2024-03-21T11:44:46.4037723Z,5.0,0.33333,1.0,False,40.0
Greater Eldritch Ichor,0.5,greater-eldritch-ichor,131,https://web.poecdn.com/gen/image/WzI1LDE0LHsiZiI6IjJESXRlbXMvTWFwcy9MYWJ5cmludGhIYXJ2ZXN0SW5mdXNlZDIiLCJ3IjoxLCJoIjoxLCJzY2FsZSI6MX1d/3e8b597bd1/LabyrinthHarvestInfused2.png,Dedication to the Goddess,offer-dedication,0,208,1,185,2024-03-21T11:44:46.4037723Z,400,0.4995,1,True,2513,[],0.0,"[0, 0, 0, 0, 0, 0, 0]",0.0,"[0, 7.52, 7.52, 0, 245.0, 245.0, 245.0]",245.0,"[0, 0, 0, 0, 0, 0, 0]",0.0,0.0,208.0,185.0,1.0,2024-03-21T11:44:46.4037723Z,1.0,1.0,1.0,False,26.0
Harbinger's Orb,8.33,harbingers-orb,198,https://web.poecdn.com/gen/image/WzI1LDE0LHsiZiI6IjJESXRlbXMvQ3VycmVuY3kvU2NvdXRpbmdSZXBvcnQiLCJ3IjoxLCJoIjoxLCJzY2FsZSI6MX1d/584635f3c8/ScoutingReport.png,Delirious Scouting Report,,0,208,1,76,2024-03-21T11:44:46.4037723Z,252,8.334,1,True,1100,"[0, 1.76, 1.76, 1.76, 1.76, 1.76, 1.76]",1.76,"[0, 0, 1.6, 0, 0, -5.54, -5.54]",-5.54,"[0, 1.76, 1.76, 1.76, 1.76, 1.76, 1.76]",1.76,"[0, 0, 1.6, 0, 0, -5.54, -5.54]",-5.54,0.0,208.0,76.0,1.0,2024-03-21T11:44:46.4037723Z,8.0,0.094999,1.0,False,26.0
Hinekora's Lock,15670.34,hinekoras-lock,3,https://web.poecdn.com/gen/image/WzI1LDE0LHsiZiI6IjJESXRlbXMvQ3VycmVuY3kvQ3VycmVuY3lNb2RWYWx1ZXMiLCJ3IjoxLCJoIjoxLCJzY2FsZSI6MX1d/e1a54ff97d/CurrencyModValues.png,Divine Orb,divine,0,208,1,234,2024-03-21T11:44:46.4037723Z,316,15750.0,1,True,1117,"[0, 0, 0, 0, 0, 0, 6.55]",6.55,"[0, 2.24, 2.27, 19.32, 19.32, 19.32, 19.32]",19.32,"[0, 0, 0, 0, 0, 0, 6.55]",6.55,"[0, 2.24, 2.27, 19.32, 19.32, 19.32, 19.32]",19.32,0.0,208.0,234.0,1.0,2024-03-21T11:44:46.4037723Z,56.0,6.56995e-05,1.0,True,131.0
Hunter's Exalted Orb,237.0,hunters-exalted-orb,72,https://web.poecdn.com/gen/image/WzI1LDE0LHsiZiI6IjJESXRlbXMvTWFwcy9TaW5GbGFza0VtcHR5IiwidyI6MSwiaCI6MSwic2NhbGUiOjF9XQ/65ed329fe5/SinFlaskEmpty.png,Divine Vessel,divine-vessel,0,208,1,119,2024-03-21T11:44:46.4037723Z,65,237.0,1,True,1461,"[0, 1.53, 0, 1.53, 1.53, 4.18, -1.6]",-1.6,"[0, 0, 0, 0, 0, -13.33, -12.22]",-12.22,"[0, 1.53, 0, 1.53, 1.53, 4.18, -1.6]",-1.6,"[0, 0, 0, 0, 0, -13.33, -12.22]",-12.22,0.0,208.0,119.0,1.0,2024-03-21T11:44:46.4037723Z,6.0,0.0081,1.0,False,16.0
Imbued Catalyst,1.0,imbued-catalyst,176,https://web.poecdn.com/gen/image/WzI1LDE0LHsiZiI6IjJESXRlbXMvTWFwcy9XYXJsb3JkRnJhZ21lbnQiLCJ3IjoxLCJoIjoxLCJzY2FsZSI6MX1d/863882aba2/WarlordFragment.png,Drox's Crest,droxs-crest,0,208,1,122,2024-03-21T11:44:46.4037723Z,325,1.0,1,True,2213,[],0.0,"[0, 0, 0, 0, 0, 0, 0]",0.0,"[0, 0, 0, 0, 0, 0, 0]",0.0,"[0, 0, 0, 0, 0, 0, 0]",0.0,0.0,208.0,122.0,1.0,2024-03-21T11:44:46.4037723Z,2.0,0.66667,1.0,False,25.0
Influenced Scouting Report,6.82,influenced-scouting-report,36,https://web.poecdn.com/gen/image/WzI1LDE0LHsiZiI6IjJESXRlbXMvTWFwcy9QYWxlQ291cnQwMSIsInciOjEsImgiOjEsInNjYWxlIjoxfV0/daba0781bf/PaleCourt01.png,Eber's Key,,0,208,1,201,2024-03-21T11:44:46.4037723Z,279,6.8175,1,True,5576,[],0.0,"[0, 4.74, 4.74, 4.74, 4.74, 4.74, 4.74]",4.74,"[0, 0, -22.5, 109.46, 158.33, 158.33, 158.33]",158.33,"[0, 4.74, 4.74, 4.74, 4.74, 4.74, 4.74]",4.74,0.0,208.0,201.0,1.0,2024-03-21T11:44:46.4037723Z,1.0,0.1,1.0,False,6.0
Instilling Orb,0.2,instilling-orb,224,https://web.poecdn.com/gen/image/WzI1LDE0LHsiZiI6IjJESXRlbXMvQ3VycmVuY3kvTWVtb3J5TGluZS9FaW5oYXJNZW1vcnlJdGVtIiwidyI6MSwiaCI6MSwic2NhbGUiOjF9XQ/5e4c7a8f89/EinharMemoryItem.png,Einhar's Memory,,0,208,1,173,2024-03-21T11:44:46.4037723Z,330,0.2,1,False,5473,[],0.0,"[0, 0, 0, 0, 0, 0, 0]",0.0,"[0, 0, 0, 0, 0, 0, 0]",0.0,"[0, 0, 0, 0, 0, 0, 0]",0.0,0.0,208.0,173.0,1.0,2024-03-21T11:44:46.4037723Z,1.0,600.0,1.0,False,23.0
Intrinsic Catalyst,4.0,intrinsic-catalyst,190,https://web.poecdn.com/gen/image/WzI1LDE0LHsiZiI6IjJESXRlbXMvQ3VycmVuY3kvRWxkcml0Y2hDaGFvc09yYiIsInciOjEsImgiOjEsInNjYWxlIjoxfV0/afdc1d40be/EldritchChaosOrb.png,Eldritch Chaos Orb,,0,208,1,127,2024-03-21T11:44:46.4037723Z,400,4.0,1,True,4042,[],0.0,"[0, 0, 0, 0, 0, 0, 0]",0.0,"[0, 0, -7.32, -7.32, -7.32, -7.32, -7.32]",-7.32,"[0, 0, 0, 0, 0, 0, 0]",0.0,0.0,208.0,127.0,1.0,2024-03-21T11:44:46.4037723Z,2.0,0.195241,1.0,False,41.0
Jeweller's Orb,0.08,jewellers-orb,191,https://web.poecdn.com/gen/image/WzI1LDE0LHsiZiI6IjJESXRlbXMvQ3VycmVuY3kvRWxkcml0Y2hFeGFsdGVkT3JiIiwidyI6MSwiaCI6MSwic2NhbGUiOjF9XQ/56026bffa3/EldritchExaltedOrb.png,Eldritch Exalted Orb,,0,208,1,11,2024-03-21T11:44:46.4037723Z,400,0.08333,1,True,3291,"[0, 21.47, -14.95, -15.56, 1.29, 135.35, 7.27]",7.27,"[0, -0.96, -8.25, -2.72, -4.58, -8.25, -8.25]",-8.25,"[0, 21.47, -14.95, -15.56, 1.29, 135.35, 7.27]",7.27,"[0, -0.96, -8.25, -2.72, -4.58, -8.25, -8.25]",-8.25,0.0,208.0,11.0,1.0,2024-03-21T11:44:46.4037723Z,6.0,22.0,1.0,False,97.0
Lesser Eldritch Ember,0.42,lesser-eldritch-ember,192,https://web.poecdn.com/gen/image/WzI1LDE0LHsiZiI6IjJESXRlbXMvQ3VycmVuY3kvRWxkcml0Y2hBbm51bG1lbnRPcmIiLCJ3IjoxLCJoIjoxLCJzY2FsZSI6MX1d/cd03411d81/EldritchAnnulmentOrb.png,Eldritch Orb of Annulment,,0,208,1,180,2024-03-21T11:44:46.4037723Z,400,0.417,1,True,2540,[],0.0,"[0, 0, 0, 0, 0, 0, 0]",0.0,"[0, 0, 0.65, -28.07, -28.07, -28.07, -28.07]",-28.07,"[0, 0, 0, 0, 0, 0, 0]",0.0,0.0,208.0,180.0,1.0,2024-03-21T11:44:46.4037723Z,2.0,8.55,1.0,False,25.0
Lesser Eldritch Ichor,0.25,lesser-eldritch-ichor,140,https://web.poecdn.com/gen/image/WzI1LDE0LHsiZiI6IjJESXRlbXMvQ3VycmVuY3kvQXRsYXNSYWRpdXNUaWVyNCIsInciOjEsImgiOjEsInNjYWxlIjoxfV0/5aa797a16b/AtlasRadiusTier4.png,Elevated Sextant,elevated-sextant,0,208,1,184,2024-03-21T11:44:46.4037723Z,400,0.2505,1,True,1863,[],0.0,"[0, -0.78, -0.78, -0.78, -0.78, -0.78, -0.78]",-0.78,"[0, 0, -2.91, 8.11, 8.11, 8.11, 8.11]",8.11,"[0, -0.78, -0.78, -0.78, -0.78, -0.78, -0.78]",-0.78,0.0,208.0,184.0,1.0,2024-03-21T11:44:46.4037723Z,2.0,9.25,1.0,False,22.0
Mirror Shard,9304.91,mirror-shard,77,https://web.poecdn.com/gen/image/WzI1LDE0LHsiZiI6IjJESXRlbXMvQ3VycmVuY3kvRW5naW5lZXJzT3JiIiwidyI6MSwiaCI6MSwic2NhbGUiOjF9XQ/56b41a5ee5/EngineersOrb.png,Engineer's Orb,engineers,0,208,1,81,2024-03-21T11:44:46.4037723Z,61,9300.0,1,True,346,"[0, 0, 0, 0, 0, 0, 2.57]",2.57,"[0, -1.43, -1.43, -1.43, -1.59, -1.43, -1.43]",-1.43,"[0, 0, 0, 0, 0, 0, 2.57]",2.57,"[0, -1.43, -1.43, -1.43, -1.59, -1.43, -1.43]",-1.43,0.0,208.0,81.0,1.0,2024-03-21T11:44:46.4037723Z,15.0,0.00010724026,1.0,True,70.0
Mirror of Kalandra,172814.86,mirror-of-kalandra,172,https://web.poecdn.com/gen/image/WzI1LDE0LHsiZiI6IjJESXRlbXMvQ3VycmVuY3kvRXhwZWRpdGlvbi9GbGFza1BsYXRlIiwidyI6MSwiaCI6MSwic2NhbGUiOjF9XQ/c03aace282/FlaskPlate.png,Enkindling Orb,enkindling-orb,0,208,1,22,2024-03-21T11:44:46.4037723Z,74,174000.0,1,True,264,"[0, 0, 0, 0, 0, 0, 72.33]",72.33,"[0, 0.35, 0.43, 0.43, 0.43, 0.61, 0.43]",0.43,"[0, 0, 0, 0, 0, 0, 72.33]",72.33,"[0, 0.35, 0.43, 0.43, 0.43, 0.61, 0.43]",0.43,0.0,208.0,22.0,1.0,2024-03-21T11:44:46.4037723Z,180.0,5.8029e-06,1.0,True,723.0
Noxious Catalyst,1.5,noxious-catalyst,68,https://web.poecdn.com/gen/image/WzI1LDE0LHsiZiI6IjJESXRlbXMvQ3VycmVuY3kvQnJlYWNoL0JyZWFjaEZyYWdtZW50c0xpZ2h0bmluZyIsInciOjEsImgiOjEsInNjYWxlIjoxfV0/e66ff540ed/BreachFragmentsLightning.png,Esh's Breachstone,eshs-breachstone,0,208,1,146,2024-03-21T11:44:46.4037723Z,324,1.5,1,True,2379,[],0.0,"[0, 0, 0, 0, 0, 0, 0]",0.0,"[0, 0, 0, None, None, None, None]",0.0,"[0, 0, 0, 0, 0, 0, 0]",0.0,,,,,,,,,,
Oil Extractor,14.0,oil-extractor,85,https://web.poecdn.com/gen/image/WzI1LDE0LHsiZiI6IjJESXRlbXMvQ3VycmVuY3kvQnJlYWNoL0VzaHNDaGFyZ2VkQnJlYWNoc3RvbmUiLCJ3IjoxLCJoIjoxLCJzY2FsZSI6MX1d/19eeb5a053/EshsChargedBreachstone.png,Esh's Charged Breachstone,,0,208,1,193,2024-03-21T11:44:46.4037723Z,57,14.0,1,False,1037,[],0.0,"[0, 1, 40, 40, 40, 40, 40]",40.0,"[0, 0, 0, -20.98, -13.61, -13.61, -13.6]",-13.6,"[0, 1, 40, 40, 40, 40, 40]",40.0,0.0,208.0,193.0,1.0,2024-03-21T11:44:46.4037723Z,2.0,0.089287,1.0,False,15.0
Orb of Alchemy,0.07,orb-of-alchemy,90,https://web.poecdn.com/gen/image/WzI1LDE0LHsiZiI6IjJESXRlbXMvQ3VycmVuY3kvQnJlYWNoL0VzaHNFbnJpY2hlZEJyZWFjaHN0b25lIiwidyI6MSwiaCI6MSwic2NhbGUiOjF9XQ/fbc839157e/EshsEnrichedBreachstone.png,Esh's Enriched Breachstone,,0,208,1,4,2024-03-21T11:44:46.4037723Z,400,0.067563,1,True,2135,"[0, 6.3, 1.85, 1.85, None, None, None]",1.85,"[0, -0.2, -5.5, -6.66, 0, -0.55, -5.41]",-5.41,"[0, 6.3, 1.85, 1.85, -44.11, -42.99, -44.11]",-44.11,"[0, -0.2, -5.5, -6.66, 0, -0.55, -5.41]",-5.41,0.0,208.0,4.0,1.0,2024-03-21T11:44:46.4037723Z,1.0,49.2,1.0,False,59.0
Orb of Alteration,0.1,orb-of-alteration,151,https://web.poecdn.com/gen/image/WzI1LDE0LHsiZiI6IjJESXRlbXMvQ3VycmVuY3kvQnJlYWNoL0VzaHNGbGF3bGVzc0JyZWFjaHN0b25lIiwidyI6MSwiaCI6MSwic2NhbGUiOjF9XQ/b2fe284562/EshsFlawlessBreachstone.png,Esh's Flawless Breachstone,eshs-flawless-breachstone,0,208,1,6,2024-03-21T11:44:46.4037723Z,400,0.1,1,True,9346,"[0, -0.43, -4.34, -12.77, -12.77, -11.9, -12.24]",-12.24,"[0, -2.17, 0, 0, -0.34, -9.55, -10.0]",-10.0,"[0, -0.43, -4.34, -12.77, -12.77, -11.9, -12.24]",-12.24,"[0, -2.17, 0, 0, -0.34, -9.55, -10.0]",-10.0,0.0,208.0,6.0,1.0,2024-03-21T11:44:46.4037723Z,14.0,19.878536,1.0,False,166.0
Orb of Annulment,12.19,orb-of-annulment,95,https://web.poecdn.com/gen/image/WzI1LDE0LHsiZiI6IjJESXRlbXMvQ3VycmVuY3kvQnJlYWNoL0VzaHNQdXJlQnJlYWNoc3RvbmUiLCJ3IjoxLCJoIjoxLCJzY2FsZSI6MX1d/67717e35a3/EshsPureBreachstone.png,Esh's Pure Breachstone,,0,208,1,73,2024-03-21T11:44:46.4037723Z,400,12.18525,1,True,4349,[],0.0,"[0, 0.41, 0.41, -1.65, -2.01, 0.32, -0.49]",-0.49,"[0, 0, 0, 0, 0, 0, 0]",0.0,"[0, 0.41, 0.41, -1.65, -2.01, 0.32, -0.49]",-0.49,0.0,208.0,73.0,1.0,2024-03-21T11:44:46.4037723Z,1.0,0.11111,1.0,False,2.0
Orb of Augmentation,0.07,orb-of-augmentation,27,https://web.poecdn.com/gen/image/WzI1LDE0LHsiZiI6IjJESXRlbXMvQ3VycmVuY3kvQ3VycmVuY3lJbXByaW50T3JiIiwidyI6MSwiaCI6MSwic2NhbGUiOjF9XQ/44fe6c2710/CurrencyImprintOrb.png,Eternal Orb,eternal,0,208,1,20,2024-03-21T11:44:46.4037723Z,400,0.07143,1,True,1880,[],0.0,"[0, 0, -2.5, -0.55, -0.82, -2.61, -7.14]",-7.14,"[0, 57.58, 57.58, 3.07, 3.07, 3.07, -29.7]",-29.7,"[0, 0, -2.5, -0.55, -0.82, -2.61, -7.14]",-7.14,0.0,208.0,20.0,1.0,2024-03-21T11:44:46.4037723Z,3.0,35.56,1.0,False,50.0
Orb of Binding,0.06,orb-of-binding,2,https://web.poecdn.com/gen/image/WzI1LDE0LHsiZiI6IjJESXRlbXMvQ3VycmVuY3kvQ3VycmVuY3lBZGRNb2RUb1JhcmUiLCJ3IjoxLCJoIjoxLCJzY2FsZSI6MX1d/b102771c23/CurrencyAddModToRare.png,Exalted Orb,exalted,0,208,1,74,2024-03-21T11:44:46.4037723Z,168,0.05882,1,False,1914,[],0.0,"[0, 0, 0, 0, 0, 0, 0]",0.0,"[0, 81.82, 81.82, 100.0, 25.0, 25.0, 88.68]",88.68,"[0, 0, 0, 0, 0, 0, 0]",0.0,0.0,208.0,74.0,1.0,2024-03-21T11:44:46.4037723Z,2.0,31.8,1.0,False,14.0
Orb of Chance,0.08,orb-of-chance,80,https://web.poecdn.com/gen/image/WzI1LDE0LHsiZiI6IjJESXRlbXMvQ3VycmVuY3kvRXhhbHRlZFNoYXJkIiwidyI6MSwiaCI6MSwic2NhbGUiOjF9XQ/a919870741/ExaltedShard.png,Exalted Shard,,0,208,1,16,2024-03-21T11:44:46.4037723Z,400,0.07692,1,True,2842,"[0, -1.37, -2.7, -22.58, -25, -10.0, -7.1]",-7.1,"[0, -4.64, -7.69, -7.69, -7.69, -7.18, -7.69]",-7.69,"[0, -1.37, -2.7, -22.58, -25, -10.0, -7.1]",-7.1,"[0, -4.64, -7.69, -7.69, -7.69, -7.18, -7.69]",-7.69,0.0,208.0,16.0,1.0,2024-03-21T11:44:46.4037723Z,8.0,15.5,1.0,False,74.0
Orb of Conflict,150.0,orb-of-conflict,183,https://web.poecdn.com/gen/image/WzI1LDE0LHsiZiI6IjJESXRlbXMvQ3VycmVuY3kvQ2xlYW5zaW5nRmlyZU9yYlJhbms0IiwidyI6MSwiaCI6MSwic2NhbGUiOjF9XQ/920113641f/CleansingFireOrbRank4.png,Exceptional Eldritch Ember,,0,208,1,188,2024-03-21T11:44:46.4037723Z,378,150.0,1,True,3076,"[0, 0, -5.49, -5.49, -5.63, -5.63, -5.67]",-5.67,"[0, 0, 0, 0, 0, 0, 0]",0.0,"[0, 0, -5.49, -5.49, -5.63, -5.63, -5.67]",-5.67,"[0, 0, 0, 0, 0, 0, 0]",0.0,0.0,208.0,188.0,1.0,2024-03-21T11:44:46.4037723Z,8.0,0.006933,1.0,False,43.0
Orb of Dominance,450.0,orb-of-dominance,187,https://web.poecdn.com/gen/image/WzI1LDE0LHsiZiI6IjJESXRlbXMvQ3VycmVuY3kvVGFuZ2xlT3JiUmFuazQiLCJ3IjoxLCJoIjoxLCJzY2FsZSI6MX1d/c1205e2c0a/TangleOrbRank4.png,Exceptional Eldritch Ichor,,0,208,1,189,2024-03-21T11:44:46.4037723Z,199,450.0,1,True,1549,[],0.0,"[0, 0, 0, 0, 0, 0, 0]",0.0,"[0, 0, -12.26, -58.17, -58.17, -58.17, -58.17]",-58.17,"[0, 0, 0, 0, 0, 0, 0]",0.0,0.0,208.0,189.0,1.0,2024-03-21T11:44:46.4037723Z,1.0,0.00667,1.0,False,1.0
Orb of Fusing,0.18,orb-of-fusing,202,https://web.poecdn.com/gen/image/WzI1LDE0LHsiZiI6IjJESXRlbXMvQ3VycmVuY3kvU2NvdXRpbmdSZXBvcnQiLCJ3IjoxLCJoIjoxLCJzY2FsZSI6MX1d/584635f3c8/ScoutingReport.png,Explorer's Scouting Report,,0,208,1,5,2024-03-21T11:44:46.4037723Z,400,0.1797,1,True,8040,"[0, -0.02, -3.55, -3.54, -3.59, -3.55, -2.42]",-2.42,"[0, -6.72, -10.27, -15.59, -13.53, -15.59, -8.9]",-8.9,"[0, -0.02, -3.55, -3.54, -3.59, -3.55, -2.42]",-2.42,"[0, -6.72, -10.27, -15.59, -13.53, -15.59, -8.9]",-8.9,0.0,208.0,5.0,1.0,2024-03-21T11:44:46.4037723Z,32.0,4.94222,1.0,True,81.0
Orb of Horizons,0.48,orb-of-horizons,125,https://web.poecdn.com/gen/image/WzI1LDE0LHsiZiI6IjJESXRlbXMvQ3VycmVuY3kvQ2F0YWx5c3RzL0ZlcnRpbGVDYXRhbHlzdCIsInciOjEsImgiOjEsInNjYWxlIjoxfV0/4b4ca5d929/FertileCatalyst.png,Fertile Catalyst,fertile-catalyst,0,208,1,75,2024-03-21T11:44:46.4037723Z,400,0.47563,1,True,1892,[],0.0,"[0, -2.74, -0.28, -1.41, -2.74, -2.74, -1.53]",-1.53,[],0.0,"[0, -2.74, -0.28, -1.41, -2.74, -2.74, -1.53]",-1.53,,,,,,,,,,
Orb of Regret,0.63,orb-of-regret,214,https://web.poecdn.com/gen/image/WzI1LDE0LHsiZiI6IjJESXRlbXMvTWFwcy9WZW5hcml1c0ZvaWwiLCJ3IjoxLCJoIjoxLCJzY2FsZSI6MX1d/bc8a56f875/VenariusFoil.png,Forgotten Reliquary Key,forgotten-reliquary-key,0,208,1,9,2024-03-21T11:44:46.4037723Z,400,0.6255,1,True,2709,"[0, -2.33, -4.34, -8.3, -6.54, -5.86, -5.86]",-5.86,"[0, 0, 0, 0, 0, 0, 0]",0.0,"[0, -2.33, -4.34, -8.3, -6.54, -5.86, -5.86]",-5.86,"[0, 0, 0, 0, 0, 0, 0]",0.0,0.0,208.0,9.0,1.0,2024-03-21T11:44:46.4037723Z,8.0,1.96125,1.0,False,131.0
Orb of Scouring,0.5,orb-of-scouring,230,https://web.poecdn.com/gen/image/WzI1LDE0LHsiZiI6IjJESXRlbXMvQ3VycmVuY3kvRnJhY3R1cmluZ09yYkNvbWJpbmVkIiwidyI6MSwiaCI6MSwic2NhbGUiOjF9XQ/bb12c8fdcc/FracturingOrbCombined.png,Fracturing Orb,fracturing-orb,0,208,1,14,2024-03-21T11:44:46.4037723Z,400,0.4995,1,True,3458,"[0, 0, 0, 0, 0, 9.09, 7.33]",7.33,"[0, -9.43, -9.43, -9.43, -9.43, -9.43, -9.43]",-9.43,"[0, 0, 0, 0, 0, 9.09, 7.33]",7.33,"[0, -9.43, -9.43, -9.43, -9.43, -9.43, -9.43]",-9.43,0.0,208.0,14.0,1.0,2024-03-21T11:44:46.4037723Z,10.0,2.795,1.0,False,146.0
Orb of Transmutation,0.01,orb-of-transmutation,231,https://web.poecdn.com/gen/image/WzI1LDE0LHsiZiI6IjJESXRlbXMvQ3VycmVuY3kvRnJhY3R1cmluZ09yYlNoYXJkIiwidyI6MSwiaCI6MSwic2NhbGUiOjF9XQ/d900d0042c/FracturingOrbShard.png,Fracturing Shard,,0,208,1,21,2024-03-21T11:44:46.4037723Z,191,0.01,1,False,2515,"[None, None, None, None, 0, 0, None]",0.0,"[0, -5.92, -11.12, -11.12, -12.88, -18.72, -20]",-20.0,"[0, 0, 0, -5.66, -7.41, -7.41, -16.67]",-16.67,"[0, -5.92, -11.12, -11.12, -12.88, -18.72, -20]",-20.0,0.0,208.0,21.0,1.0,2024-03-21T11:44:46.4037723Z,4.0,120.0,1.0,False,37.0
Orb of Unmaking,0.5,orb-of-unmaking,110,https://web.poecdn.com/gen/image/WzI1LDE0LHsiZiI6IjJESXRlbXMvTWFwcy9BdGxhc01hcEd1YXJkaWFuSG9seSIsInciOjEsImgiOjEsInNjYWxlIjoxfV0/ade615a113/AtlasMapGuardianHoly.png,Fragment of Constriction,fragment-of-constriction,0,208,1,141,2024-03-21T11:44:46.4037723Z,400,0.4995,1,True,3038,"[0, -15.92, -34.94, -33.78, -37.03, -37.03, -42.28]",-42.28,"[0, 0, 0, 0, 0, 0, 0]",0.0,"[0, -15.92, -34.94, -33.78, -37.03, -37.03, -42.28]",-42.28,"[0, 0, 0, 0, 0, 0, 0]",0.0,0.0,208.0,141.0,1.0,2024-03-21T11:44:46.4037723Z,5.0,2.56984,1.0,False,53.0
Otherworldly Scouting Report,20.0,otherworldly-scouting-report,115,https://web.poecdn.com/gen/image/WzI1LDE0LHsiZiI6IjJESXRlbXMvTWFwcy9VYmVyRWxkZXIwMiIsInciOjEsImgiOjEsInNjYWxlIjoxfV0/ced2590995/UberElder02.png,Fragment of Emptiness,fragment-of-emptiness,0,208,1,195,2024-03-21T11:44:46.4037723Z,21,20.0,1,True,87,[],0.0,"[0, 11.11, 11.11, 10.42, 7.64, 38.89, 38.89]",38.89,"[0, 0, 0, None, None, None, None]",0.0,"[0, 11.11, 11.11, 10.42, 7.64, 38.89, 38.89]",38.89,,,,,,,,,,
Portal Scroll,0.04,portal-scroll,108,https://web.poecdn.com/gen/image/WzI1LDE0LHsiZiI6IjJESXRlbXMvTWFwcy9BdGxhc01hcEd1YXJkaWFuRmlyZSIsInciOjEsImgiOjEsInNjYWxlIjoxfV0/6327dee00e/AtlasMapGuardianFire.png,Fragment of Enslavement,fragment-of-enslavement,0,208,1,24,2024-03-21T11:44:46.4037723Z,58,0.038034,1,False,993,[],0.0,"[0, 1.35, 1.7, 2.97, 1.7, 0, -3.3]",-3.3,"[None, None, None, 0, 0, 0, 0]",0.0,"[0, 1.35, 1.7, 2.97, 1.7, 0, -3.3]",-3.3,0.0,208.0,24.0,1.0,2024-03-21T11:44:46.4037723Z,1.0,200.0,1.0,False,13.0
Primal Crystallised Lifeforce,0.05,primal-crystallised-lifeforce,109,https://web.poecdn.com/gen/image/WzI1LDE0LHsiZiI6IjJESXRlbXMvTWFwcy9BdGxhc01hcEd1YXJkaWFuTGlnaHRuaW5nIiwidyI6MSwiaCI6MSwic2NhbGUiOjF9XQ/22a9d1257c/AtlasMapGuardianLightning.png,Fragment of Eradication,fragment-of-eradication,0,208,1,212,2024-03-21T11:44:46.4037723Z,400,0.04545,1,True,11467,"[0, 0, 0, 0, 0, -4.76, -13.67]",-13.67,"[0, -0.61, -2.28, -2.94, -2.94, -2.94, -5.13]",-5.13,"[0, 0, 0, 0, 0, -4.76, -13.67]",-13.67,"[0, -0.61, -2.28, -2.94, -2.94, -2.94, -5.13]",-5.13,0.0,208.0,212.0,1.0,2024-03-21T11:44:46.4037723Z,7.0,27.8,1.0,False,108.0
Prismatic Catalyst,35.0,prismatic-catalyst,113,https://web.poecdn.com/gen/image/WzI1LDE0LHsiZiI6IjJESXRlbXMvTWFwcy9VYmVyRWxkZXIwNCIsInciOjEsImgiOjEsInNjYWxlIjoxfV0/4a2bab8955/UberElder04.png,Fragment of Knowledge,fragment-of-knowledge,0,208,1,126,2024-03-21T11:44:46.4037723Z,400,35.0,1,True,5748,"[0, 0, -9.11, -9.11, -9.11, -9.11, -7.41]",-7.41,"[0, 0, 0, 0, 0, 0, 0]",0.0,"[0, 0, -9.11, -9.11, -9.11, -9.11, -7.41]",-7.41,"[0, 0, 0, 0, 0, 0, 0]",0.0,0.0,208.0,126.0,1.0,2024-03-21T11:44:46.4037723Z,5.0,0.035998,1.0,False,44.0
Redeemer's Exalted Orb,80.0,redeemers-exalted-orb,111,https://web.poecdn.com/gen/image/WzI1LDE0LHsiZiI6IjJESXRlbXMvTWFwcy9BdGxhc01hcEd1YXJkaWFuQ2hhb3MiLCJ3IjoxLCJoIjoxLCJzY2FsZSI6MX1d/767832e457/AtlasMapGuardianChaos.png,Fragment of Purification,fragment-of-purification,0,208,1,118,2024-03-21T11:44:46.4037723Z,91,80.0,1,True,684,"[0, 0, 0, None, None, None, None]",0.0,"[0, 1.88, 6.25, 4.38, -0.62, 0, 0]",0.0,"[0, 0, 0, -6.63, -1.25, 1.37, 1.8]",1.8,"[0, 1.88, 6.25, 4.38, -0.62, 0, 0]",0.0,0.0,208.0,118.0,1.0,2024-03-21T11:44:46.4037723Z,3.0,0.021012,1.0,False,16.0
Regal Orb,0.71,regal-orb,112,https://web.poecdn.com/gen/image/WzI1LDE0LHsiZiI6IjJESXRlbXMvTWFwcy9VYmVyRWxkZXIwMyIsInciOjEsImgiOjEsInNjYWxlIjoxfV0/dd71531c9f/UberElder03.png,Fragment of Shape,fragment-of-shape,0,208,1,7,2024-03-21T11:44:46.4037723Z,400,0.7072,1,True,3253,"[0, -11.11, -11.11, 0, None, 0, None]",0.0,"[0, -0.04, 0, 0, -0.42, -0.95, -0.95]",-0.95,"[0, -11.11, -11.11, 0, -20.0, 0, -21.05]",-21.05,"[0, -0.04, 0, 0, -0.42, -0.95, -0.95]",-0.95,0.0,208.0,7.0,1.0,2024-03-21T11:44:46.4037723Z,3.0,1.52,1.0,False,89.0
Ritual Vessel,2.0,ritual-vessel,114,https://web.poecdn.com/gen/image/WzI1LDE0LHsiZiI6IjJESXRlbXMvTWFwcy9VYmVyRWxkZXIwMSIsInciOjEsImgiOjEsInNjYWxlIjoxfV0/061cd63c5e/UberElder01.png,Fragment of Terror,fragment-of-terror,0,208,1,139,2024-03-21T11:44:46.4037723Z,253,2.0,1,True,1164,[],0.0,"[0, 0, 0, 0, 0, 0, 0]",0.0,"[0, 1.0, 1.0, 1.0, 1.0, 1.0, 1.0]",1.0,"[0, 0, 0, 0, 0, 0, 0]",0.0,0.0,208.0,139.0,1.0,2024-03-21T11:44:46.4037723Z,1.0,0.90909,1.0,False,8.0
Rogue's Marker,0.01,rogues-marker,43,https://web.poecdn.com/gen/image/WzI1LDE0LHsiZiI6IjJESXRlbXMvTWFwcy9BdGxhc01hcHMvRnJhZ21lbnRDaGltZXJhIiwidyI6MSwiaCI6MSwic2NhbGUiOjF9XQ/df51d0bd7a/FragmentChimera.png,Fragment of the Chimera,chimer,0,208,1,137,2024-03-21T11:44:46.4037723Z,388,0.005976,1,True,1658,"[0, -12.42, -14.06, -17.31, -12.41, -10.7, -17.12]",-17.12,"[0, 0, 0, -2, -2, -2, -0.4]",-0.4,"[0, -12.42, -14.06, -17.31, -12.41, -10.7, -17.12]",-17.12,"[0, 0, 0, -2, -2, -2, -0.4]",-0.4,0.0,208.0,137.0,1.0,2024-03-21T11:44:46.4037723Z,6.0,199.318095,1.0,True,25.0
Sacred Crystallised Lifeforce,737.48,sacred-crystallised-lifeforce,40,https://web.poecdn.com/gen/image/WzI1LDE0LHsiZiI6IjJESXRlbXMvTWFwcy9BdGxhc01hcHMvRnJhZ21lbnRIeWRyYSIsInciOjEsImgiOjEsInNjYWxlIjoxfV0/16cec8bced/FragmentHydra.png,Fragment of the Hydra,hydra,0,208,1,213,2024-03-21T11:44:46.4037723Z,121,750.0,1,True,975,"[0, -5.39, -5.39, -5.39, -5.39, -5.39, -5.25]",-5.25,"[0, 0, 0, 0, 0, 0, 0]",0.0,"[0, -5.39, -5.39, -5.39, -5.39, -5.39, -5.25]",-5.25,"[0, 0, 0, 0, 0, 0, 0]",0.0,0.0,208.0,213.0,1.0,2024-03-21T11:44:46.4037723Z,11.0,0.0016675,1.0,True,27.0
Sacred Orb,21.86,sacred-orb,42,https://web.poecdn.com/gen/image/WzI1LDE0LHsiZiI6IjJESXRlbXMvTWFwcy9BdGxhc01hcHMvRnJhZ21lbnRNaW5vdGF1ciIsInciOjEsImgiOjEsInNjYWxlIjoxfV0/a6307f6cc9/FragmentMinotaur.png,Fragment of the Minotaur,minot,0,208,1,159,2024-03-21T11:44:46.4037723Z,302,21.429,1,True,1461,"[0, 0, 0.97, 1.13, 2.58, 2.58, 2.9]",2.9,"[0, 0, 0, 0, 0, 0, 0]",0.0,"[0, 0, 0.97, 1.13, 2.58, 2.58, 2.9]",2.9,"[0, 0, 0, 0, 0, 0, 0]",0.0,0.0,208.0,159.0,1.0,2024-03-21T11:44:46.4037723Z,13.0,0.03135,1.0,False,47.0
Scroll of Wisdom,0.01,scroll-of-wisdom,41,https://web.poecdn.com/gen/image/WzI1LDE0LHsiZiI6IjJESXRlbXMvTWFwcy9BdGxhc01hcHMvRnJhZ21lbnRQaG9lbml4IiwidyI6MSwiaCI6MSwic2NhbGUiOjF9XQ/bf64bb03f8/FragmentPhoenix.png,Fragment of the Phoenix,phoenix,0,208,1,23,2024-03-21T11:44:46.4037723Z,77,0.0119,1,False,5088,[],0.0,"[0, 0, 0, 0, 0, 0, 0]",0.0,"[0, 0, 0, -6.67, -6.67, -6.67, -6.67]",-6.67,"[0, 0, 0, 0, 0, 0, 0]",0.0,0.0,208.0,23.0,1.0,2024-03-21T11:44:46.4037723Z,1.0,300.0,1.0,False,12.0
Singular Scouting Report,3.0,singular-scouting-report,15,https://web.poecdn.com/gen/image/WzI1LDE0LHsiZiI6IjJESXRlbXMvQ3VycmVuY3kvQ3VycmVuY3lHZW1RdWFsaXR5IiwidyI6MSwiaCI6MSwic2NhbGUiOjF9XQ/1be1273b91/CurrencyGemQuality.png,Gemcutter's Prism,gcp,0,208,1,194,2024-03-21T11:44:46.4037723Z,377,3.0,1,True,10041,[],0.0,"[0, 0, -33.33, 0, 0, 0, 0]",0.0,"[0, 0, 0, None, None, None, None]",0.0,"[0, 0, -33.33, 0, 0, 0, 0]",0.0,,,,,,,,,,
Stacked Deck,3.0,stacked-deck,132,https://web.poecdn.com/gen/image/WzI1LDE0LHsiZiI6IjJESXRlbXMvTWFwcy9MYWJ5cmludGhIYXJ2ZXN0SW5mdXNlZDEiLCJ3IjoxLCJoIjoxLCJzY2FsZSI6MX1d/95aadb1d9f/LabyrinthHarvestInfused1.png,Gift to the Goddess,offer-gift,0,208,1,45,2024-03-21T11:44:46.4037723Z,400,3.0,1,True,22889,[],0.0,"[0, 0, -2.34, 0, -2.66, -9.99, -9.99]",-9.99,[],0.0,"[0, 0, -2.34, 0, -2.66, -9.99, -9.99]",-9.99,,,,,,,,,,
Surveyor's Compass,1.81,surveyors-compass,19,https://web.poecdn.com/gen/image/WzI1LDE0LHsiZiI6IjJESXRlbXMvQ3VycmVuY3kvQ3VycmVuY3lGbGFza1F1YWxpdHkiLCJ3IjoxLCJoIjoxLCJzY2FsZSI6MX1d/8a36dffe11/CurrencyFlaskQuality.png,Glassblower's Bauble,bauble,0,208,1,178,2024-03-21T11:44:46.4037723Z,154,1.808138,1,False,17517,[],0.0,"[0, -0.12, 0, 0, -2.75, -6.19, -9.59]",-9.59,"[0, 0, 0, 0, 0, 0, 0]",0.0,"[0, -0.12, 0, 0, -2.75, -6.19, -9.59]",-9.59,0.0,208.0,178.0,1.0,2024-03-21T11:44:46.4037723Z,1.0,1.53846,1.0,False,2.0
Tailoring Orb,375.0,tailoring-orb,233,https://web.poecdn.com/gen/image/WzI1LDE0LHsiZiI6IjJESXRlbXMvQ3VycmVuY3kvUnV0aGxlc3MvQ29pblBpbGVUaWVyMiIsInciOjEsImgiOjEsInNjYWxlIjoxfV0/9b7d31f84f/CoinPileTier2.png,Gold,gold,0,208,1,136,2024-03-21T11:44:46.4037723Z,141,375.0,1,True,1141,"[0, 3.6, 3.6, 3.6, 4.55, 4.07, None]",4.07,"[0, 0.34, -12.59, -12.59, -12.59, -7.34, -12.59]",-12.59,"[0, 3.6, 3.6, 3.6, 4.55, 4.07, -15.29]",-15.29,"[0, 0.34, -12.59, -12.59, -12.59, -7.34, -12.59]",-12.59,0.0,208.0,136.0,1.0,2024-03-21T11:44:46.4037723Z,4.0,0.002715,1.0,False,20.0
Tainted Armourer's Scrap,2.0,tainted-armourers-scrap,182,https://web.poecdn.com/gen/image/WzI1LDE0LHsiZiI6IjJESXRlbXMvQ3VycmVuY3kvQ2xlYW5zaW5nRmlyZU9yYlJhbmszIiwidyI6MSwiaCI6MSwic2NhbGUiOjF9XQ/65093ad252/CleansingFireOrbRank3.png,Grand Eldritch Ember,,0,208,1,168,2024-03-21T11:44:46.4037723Z,262,2.0,1,True,1021,"[0, 0, 0, None, None, None, None]",0.0,"[0, 0, -0.02, -0.84, -6.44, -2.62, -20.02]",-20.02,"[0, 0, 0, -29.26, -55.61, -54.73, -6.79]",-6.79,"[0, 0, -0.02, -0.84, -6.44, -2.62, -20.02]",-20.02,0.0,208.0,168.0,1.0,2024-03-21T11:44:46.4037723Z,2.0,0.809528,1.0,False,17.0
Tainted Blacksmith's Whetstone,0.33,tainted-blacksmiths-whetstone,186,https://web.poecdn.com/gen/image/WzI1LDE0LHsiZiI6IjJESXRlbXMvQ3VycmVuY3kvVGFuZ2xlT3JiUmFuazMiLCJ3IjoxLCJoIjoxLCJzY2FsZSI6MX1d/80772bd510/TangleOrbRank3.png,Grand Eldritch Ichor,,0,208,1,167,2024-03-21T11:44:46.4037723Z,256,0.33333,1,True,630,[],0.0,"[0, 0, 0, 0, 0, 0, 0]",0.0,"[0, 18.52, 18.52, 10.89, 49.33, 49.33, 49.33]",49.33,"[0, 0, 0, 0, 0, 0, 0]",0.0,0.0,208.0,167.0,1.0,2024-03-21T11:44:46.4037723Z,1.0,2.5,1.0,False,8.0
Tainted Catalyst,110.0,tainted-catalyst,181,https://web.poecdn.com/gen/image/WzI1LDE0LHsiZiI6IjJESXRlbXMvQ3VycmVuY3kvQ2xlYW5zaW5nRmlyZU9yYlJhbmsyIiwidyI6MSwiaCI6MSwic2NhbGUiOjF9XQ/33fd210c40/CleansingFireOrbRank2.png,Greater Eldritch Ember,,0,208,1,235,2024-03-21T11:44:46.4037723Z,319,110.0,1,True,3598,[],0.0,"[0, 0, 0, 0, -4.17, -8.33, -8.33]",-8.33,"[0, 0, -5.45, -7.88, -7.88, -7.88, -7.91]",-7.91,"[0, 0, 0, 0, -4.17, -8.33, -8.33]",-8.33,0.0,208.0,235.0,1.0,2024-03-21T11:44:46.4037723Z,4.0,0.012064,1.0,False,27.0
Tainted Chaos Orb,25.0,tainted-chaos-orb,185,https://web.poecdn.com/gen/image/WzI1LDE0LHsiZiI6IjJESXRlbXMvQ3VycmVuY3kvVGFuZ2xlT3JiUmFuazIiLCJ3IjoxLCJoIjoxLCJzY2FsZSI6MX1d/37b581d6b1/TangleOrbRank2.png,Greater Eldritch Ichor,,0,208,1,169,2024-03-21T11:44:46.4037723Z,150,25.0005,1,True,870,"[0, 0, 0, 9.88, -28.75, 4.71, 9.86]",9.86,"[0, 0, 0, 0, 0, 0, 0]",0.0,"[0, 0, 0, 9.88, -28.75, 4.71, 9.86]",9.86,"[0, 0, 0, 0, 0, 0, 0]",0.0,0.0,208.0,169.0,1.0,2024-03-21T11:44:46.4037723Z,5.0,0.024904,1.0,False,13.0
Tainted Chromatic Orb,10.0,tainted-chromatic-orb,76,https://web.poecdn.com/gen/image/WzI1LDE0LHsiZiI6IjJESXRlbXMvQ3VycmVuY3kvSGFyYmluZ2VyT3JiIiwidyI6MSwiaCI6MSwic2NhbGUiOjF9XQ/3e31090ea7/HarbingerOrb.png,Harbinger's Orb,harbingers-orb,0,208,1,161,2024-03-21T11:44:46.4037723Z,400,10.0,1,True,3192,"[0, 3.65, 3.65, -9.64, -8.25, -6.81, -6.81]",-6.81,"[0, 0, 0.0, 0.0, 0.0, 0.0, 0.0]",0.0,"[0, 3.65, 3.65, -9.64, -8.25, -6.81, -6.81]",-6.81,"[0, 0, 0.0, 0.0, 0.0, 0.0, 0.0]",0.0,0.0,208.0,161.0,1.0,2024-03-21T11:44:46.4037723Z,5.0,0.152384,1.0,False,35.0
Tainted Divine Teardrop,750.0,tainted-divine-teardrop,234,https://web.poecdn.com/gen/image/WzI1LDE0LHsiZiI6IjJESXRlbXMvQ3VycmVuY3kvSGluZWtvcmFzTG9jayIsInciOjEsImgiOjEsInNjYWxlIjoxfV0/9fe8aa2704/HinekorasLock.png,Hinekora's Lock,,0,208,1,170,2024-03-21T11:44:46.4037723Z,172,750.0,1,True,759,"[0, 0, 0, 0.6, 0.6, 0, 0.36]",0.36,"[0, -7.69, -7.72, -23.08, -23.08, -23.08, -23.08]",-23.08,"[0, 0, 0, 0.6, 0.6, 0, 0.36]",0.36,"[0, -7.69, -7.72, -23.08, -23.08, -23.08, -23.08]",-23.08,0.0,208.0,170.0,1.0,2024-03-21T11:44:46.4037723Z,5.0,0.001664,1.0,False,16.0
Tainted Exalted Orb,135.39,tainted-exalted-orb,119,https://web.poecdn.com/gen/image/WzI1LDE0LHsiZiI6IjJESXRlbXMvQ3VycmVuY3kvSW5mbHVlbmNlIEV4YWx0cy9CYXNpbGlza09yYiIsInciOjEsImgiOjEsInNjYWxlIjoxfV0/c17ac5e60c/BasiliskOrb.png,Hunter's Exalted Orb,,0,208,1,165,2024-03-21T11:44:46.4037723Z,83,135.3912,1,True,854,"[None, 0, 0, None, None, 3.31, 3.28]",3.28,"[0, 0, 0, -1.17, -12.4, -9.35, -9.74]",-9.74,"[0, 21.31, 21.31, 6.95, 0, 25.32, 25.29]",25.29,"[0, 0, 0, -1.17, -12.4, -9.35, -9.74]",-9.74,0.0,208.0,165.0,1.0,2024-03-21T11:44:46.4037723Z,5.0,0.007862,1.0,False,16.0
Tainted Jeweller's Orb,1.63,tainted-jewellers-orb,226,,Ignominious Fate,,0,208,1,163,2024-03-21T11:44:46.4037723Z,341,1.6305,1,True,1653,"[0, 9.22, 9.22, None, None, None, None]",9.22,"[0, 0, -1.3, -3.77, -4.11, -4.24, -2.16]",-2.16,"[0, 9.22, 9.22, 0.0, -26.67, -26.67, -26.67]",-26.67,"[0, 0, -1.3, -3.77, -4.11, -4.24, -2.16]",-2.16,0.0,208.0,163.0,1.0,2024-03-21T11:44:46.4037723Z,2.0,1.000003,1.0,False,18.0
Tainted Mythic Orb,6.0,tainted-mythic-orb,122,https://web.poecdn.com/gen/image/WzI1LDE0LHsiZiI6IjJESXRlbXMvQ3VycmVuY3kvQ2F0YWx5c3RzL0ltYnVlZENhdGFseXN0IiwidyI6MSwiaCI6MSwic2NhbGUiOjF9XQ/9053293cf6/ImbuedCatalyst.png,Imbued Catalyst,imbued-catalyst,0,208,1,166,2024-03-21T11:44:46.4037723Z,246,6.0,1,True,1242,"[0, 0, 0, None, None, None, None]",0.0,"[0, 0, 0, 0, 0, 0, 0]",0.0,"[0, 0, 0, 10.81, 7.89, -0.15, -0.15]",-0.15,"[0, 0, 0, 0, 0, 0, 0]",0.0,0.0,208.0,166.0,1.0,2024-03-21T11:44:46.4037723Z,4.0,0.130358,1.0,False,25.0
Tainted Orb of Fusing,27.0,tainted-orb-of-fusing,201,https://web.poecdn.com/gen/image/WzI1LDE0LHsiZiI6IjJESXRlbXMvQ3VycmVuY3kvU2NvdXRpbmdSZXBvcnQiLCJ3IjoxLCJoIjoxLCJzY2FsZSI6MX1d/584635f3c8/ScoutingReport.png,Influenced Scouting Report,,0,208,1,162,2024-03-21T11:44:46.4037723Z,300,27.0,1,True,3722,"[0, 0, 0, 0, 0, 0, 0]",0.0,"[0, 0.98, 0, 0, -0.85, -1.0, -1.0]",-1.0,"[0, 0, 0, 0, 0, 0, 0]",0.0,"[0, 0.98, 0, 0, -0.85, -1.0, -1.0]",-1.0,0.0,208.0,162.0,1.0,2024-03-21T11:44:46.4037723Z,6.0,0.04545,1.0,False,43.0
Tempering Catalyst,3.0,tempering-catalyst,171,https://web.poecdn.com/gen/image/WzI1LDE0LHsiZiI6IjJESXRlbXMvQ3VycmVuY3kvSW5mdXNlZEVuZ2luZWVyc09yYiIsInciOjEsImgiOjEsInNjYWxlIjoxfV0/af16686b10/InfusedEngineersOrb.png,Infused Engineer's Orb,infused-engineers-orb,0,208,1,124,2024-03-21T11:44:46.4037723Z,259,3.0,1,True,1523,[],0.0,"[0, 0, 0, 0, 0, 0, 0]",0.0,"[0, 0, 0.26, 0.26, 0.26, 0.26, 0.26]",0.26,"[0, 0, 0, 0, 0, 0, 0]",0.0,0.0,208.0,124.0,1.0,2024-03-21T11:44:46.4037723Z,1.0,0.66667,1.0,False,20.0
Tempering Orb,375.0,tempering-orb,173,https://web.poecdn.com/gen/image/WzI1LDE0LHsiZiI6IjJESXRlbXMvQ3VycmVuY3kvRXhwZWRpdGlvbi9GbGFza0luamVjdG9yIiwidyI6MSwiaCI6MSwic2NhbGUiOjF9XQ/08e3793591/FlaskInjector.png,Instilling Orb,instilling-orb,0,208,1,135,2024-03-21T11:44:46.4037723Z,247,375.0,1,True,1275,"[None, None, 0, None, -14.82, -0.29, -16.54]",-16.54,"[0, 10.57, 0.5, 0.5, -0.05, -6.95, -6.95]",-6.95,"[0, 0, -0.59, -11.78, -15.33, -0.88, -17.04]",-17.04,"[0, 10.57, 0.5, 0.5, -0.05, -6.95, -6.95]",-6.95,0.0,208.0,135.0,1.0,2024-03-21T11:44:46.4037723Z,5.0,0.004062,1.0,False,19.0
Turbulent Catalyst,2.0,turbulent-catalyst,127,https://web.poecdn.com/gen/image/WzI1LDE0LHsiZiI6IjJESXRlbXMvQ3VycmVuY3kvQ2F0YWx5c3RzL0ludHJpbnNpY0NhdGFseXN0IiwidyI6MSwiaCI6MSwic2NhbGUiOjF9XQ/107ffb799e/IntrinsicCatalyst.png,Intrinsic Catalyst,intrinsic-catalyst,0,208,1,121,2024-03-21T11:44:46.4037723Z,289,2.0,1,True,2629,[],0.0,"[0, 0, 0, 0, 0, 0, 0]",0.0,"[0, 0, -63.54, -63.54, -63.54, -63.54, -63.54]",-63.54,"[0, 0, 0, 0, 0, 0, 0]",0.0,0.0,208.0,121.0,1.0,2024-03-21T11:44:46.4037723Z,1.0,2.38095,1.0,False,20.0
Unstable Catalyst,3.0,unstable-catalyst,38,https://web.poecdn.com/gen/image/WzI1LDE0LHsiZiI6IjJESXRlbXMvTWFwcy9QYWxlQ291cnQwMyIsInciOjEsImgiOjEsInNjYWxlIjoxfV0/5b6b188262/PaleCourt03.png,Inya's Key,,0,208,1,148,2024-03-21T11:44:46.4037723Z,236,3.0,1,True,1499,[],0.0,"[0, 0, 0, 0, 0, 0, 0]",0.0,"[0, 0, -4.54, -4.54, -4.54, -4.54, 5.0]",5.0,"[0, 0, 0, 0, 0, 0, 0]",0.0,0.0,208.0,148.0,1.0,2024-03-21T11:44:46.4037723Z,1.0,0.33333,1.0,False,17.0
Vaal Orb,1.15,vaal-orb,11,https://web.poecdn.com/gen/image/WzI1LDE0LHsiZiI6IjJESXRlbXMvQ3VycmVuY3kvQ3VycmVuY3lSZXJvbGxTb2NrZXROdW1iZXJzIiwidyI6MSwiaCI6MSwic2NhbGUiOjF9XQ/685633cb14/CurrencyRerollSocketNumbers.png,Jeweller's Orb,jewellers,0,208,1,8,2024-03-21T11:44:46.4037723Z,400,1.1535,1,True,4510,"[0, 2.07, 3.17, 2.85, 4.77, 2.85, 0.5]",0.5,"[0, -0.13, -0.74, -0.07, -0.74, -4.59, -4.59]",-4.59,"[0, 2.07, 3.17, 2.85, 4.77, 2.85, 0.5]",0.5,"[0, -0.13, -0.74, -0.07, -0.74, -4.59, -4.59]",-4.59,0.0,208.0,8.0,1.0,2024-03-21T11:44:46.4037723Z,13.0,0.980488,1.0,False,188.0
Vaal Scouting Report,1.0,vaal-scouting-report,209,https://web.poecdn.com/gen/image/WzI1LDE0LHsiZiI6IjJESXRlbXMvQ3VycmVuY3kvU2VudGluZWwvV2VhcG9uUmVjb21iaW5hdG9yIiwidyI6MSwiaCI6MSwic2NhbGUiOjF9XQ/8316e9dcee/WeaponRecombinator.png,Jewellery Recombinator,,0,208,1,197,2024-03-21T11:44:46.4037723Z,261,1.0,1,False,25152,[],0.0,"[0, 0, 0, 0, 0, 0, 0]",0.0,[],0.0,"[0, 0, 0, 0, 0, 0, 0]",0.0,,,,,,,,,,
Veiled Chaos Orb,5.73,veiled-chaos-orb,50,https://web.poecdn.com/gen/image/WzI1LDE0LHsiZiI6IjJESXRlbXMvQ3VycmVuY3kvU2VhbFllbGxvdyIsInciOjEsImgiOjEsInNjYWxlIjoxfV0/853dd2f453/SealYellow.png,Journeyman Cartographer's Seal,,0,208,1,145,2024-03-21T11:44:46.4037723Z,400,2.8818,1,True,2640,"[0, 49.97, 49.97, 49.88, 49.97, 49.97, 49.97]",49.97,"[0, 11.41, 5.03, -0.2, -3.05, -10.88, -22.95]",-22.95,"[0, 49.97, 49.97, 49.88, 49.97, 49.97, 49.97]",49.97,"[0, 11.41, 5.03, -0.2, -3.05, -10.88, -22.95]",-22.95,0.0,208.0,145.0,1.0,2024-03-21T11:44:46.4037723Z,21.0,0.01667,1.0,False,46.0
Vivid Crystallised Lifeforce,0.09,vivid-crystallised-lifeforce,223,https://web.poecdn.com/gen/image/WzI1LDE0LHsiZiI6IjJESXRlbXMvQ3VycmVuY3kvTWVtb3J5TGluZS9LaXJhY01lbW9yeUl0ZW0iLCJ3IjoxLCJoIjoxLCJzY2FsZSI6MX1d/def36e7b78/KiracMemoryItem.png,Kirac's Memory,,0,208,1,211,2024-03-21T11:44:46.4037723Z,400,0.09091,1,True,11222,"[0, 5.57, 5.9, 6.27, 6.31, 5.87, -43.76]",-43.76,"[0, -4.04, -9.09, -9.09, -9.89, -9.09, -9.09]",-9.09,"[0, 5.57, 5.9, 6.27, 6.31, 5.87, -43.76]",-43.76,"[0, -4.04, -9.09, -9.09, -9.89, -9.09, -9.09]",-9.09,0.0,208.0,211.0,1.0,2024-03-21T11:44:46.4037723Z,6.0,17.45,1.0,False,123.0
Warlord's Exalted Orb,50.0,warlords-exalted-orb,180,https://web.poecdn.com/gen/image/WzI1LDE0LHsiZiI6IjJESXRlbXMvQ3VycmVuY3kvQ2xlYW5zaW5nRmlyZU9yYlJhbmsxIiwidyI6MSwiaCI6MSwic2NhbGUiOjF9XQ/62c98f8357/CleansingFireOrbRank1.png,Lesser Eldritch Ember,,0,208,1,120,2024-03-21T11:44:46.4037723Z,89,49.9995,1,True,662,"[0, 0, 0, 77.58, None, 25, None]",25.0,"[0, 1.26, 0, 0, -6.67, -23.33, -33.33]",-33.33,"[0, 0, 0, 77.58, 22.68, 25, 10.06]",10.06,"[0, 1.26, 0, 0, -6.67, -23.33, -33.33]",-33.33,0.0,208.0,120.0,1.0,2024-03-21T11:44:46.4037723Z,3.0,0.020444,1.0,False,12.0
Wild Crystallised Lifeforce,0.05,wild-crystallised-lifeforce,184,https://web.poecdn.com/gen/image/WzI1LDE0LHsiZiI6IjJESXRlbXMvQ3VycmVuY3kvVGFuZ2xlT3JiUmFuazEiLCJ3IjoxLCJoIjoxLCJzY2FsZSI6MX1d/3135dab202/TangleOrbRank1.png,Lesser Eldritch Ichor,,0,208,1,210,2024-03-21T11:44:46.4037723Z,400,0.0525,1,True,11801,"[0, 1.62, 4.22, 2.73, 5.44, 5.39, 0.5]",0.5,"[0, 0, 0, 0, 0, 0, -0.25]",-0.25,"[0, 1.62, 4.22, 2.73, 5.44, 5.39, 0.5]",0.5,"[0, 0, 0, 0, 0, 0, -0.25]",-0.25,0.0,208.0,210.0,1.0,2024-03-21T11:44:46.4037723Z,16.0,19.97665,1.0,True,111.0
